tag,category,post_count,translation_cn,evidence
august_von_parseval_(azur_lane),4,722,奥古斯特·冯·帕塞瓦尔（碧蓝航线）,manual_residual_character_review_2026-07-19
august_von_parseval_(the_conquered_unhulde)_(azur_lane),4,229,奥古斯特·冯·帕塞瓦尔·女仆魔女（碧蓝航线）,manual_residual_character_review_2026-07-19
friedrich_der_grosse_(azur_lane),4,766,腓特烈大帝（碧蓝航线）,manual_residual_character_review_2026-07-19
honolulu_(summer_accident?!)_(azur_lane),4,262,火奴鲁鲁·盛夏的“灾难”（碧蓝航线）,manual_residual_character_review_2026-07-19
le_malin_(sleepy_sunday)_(azur_lane),4,158,恶毒·懒懒的星期天（碧蓝航线）,manual_residual_character_review_2026-07-19
le_temeraire_(azur_lane),4,227,鲁莽（碧蓝航线）,manual_residual_character_review_2026-07-19
new_jersey_(exhilarating_steps!)_(azur_lane),4,478,花园·跃动的舞台时间！（碧蓝航线）,manual_residual_character_review_2026-07-19
prinz_eugen_(final_lap)_(azur_lane),4,363,欧根亲王·Final Lap（碧蓝航线）,manual_residual_character_review_2026-07-19
ulrich_von_hutten_(azur_lane),4,783,乌尔里希·冯·胡滕（碧蓝航线）,manual_residual_character_review_2026-07-19
vittorio_veneto_(azur_lane),4,387,维托里奥·威尼托（碧蓝航线）,manual_residual_character_review_2026-07-19
utage_(arknights),4,1469,宴（明日方舟）,manual_residual_character_review_2026-07-19
swire_(arknights),4,1297,诗怀雅（明日方舟）,manual_residual_character_review_2026-07-19
hung_(arknights),4,991,吽（明日方舟）,manual_residual_character_review_2026-07-19
dusk_(arknights),4,4022,夕（明日方舟）,manual_residual_character_review_2026-07-19
dusk_(everything_is_a_miracle)_(arknights),4,492,夕·染尘烟（明日方舟）,manual_residual_character_review_2026-07-19
blue_poison_(arknights),4,1856,蓝毒（明日方舟）,manual_residual_character_review_2026-07-19
blue_poison_(shoal_beat)_(arknights),4,829,蓝毒·浅滩律动（明日方舟）,manual_residual_character_review_2026-07-19
